Student_Name,Register_Number,Fees_Details,Fees_Status,Attendance_Percentage,Books_Borrowed,Scholarship_Eligibility,Contact_Number,Email_ID,Date_of_Birth,Faculty,CGPA,College_Joining_Date,Major,Emergency_Contact,Guardian_Name,Hostel_Room,Transportation_Mode,LinkedIn_Profile,Internship_Status,Year_of_Passing,Hobbies,Blood_Group,Nationality
Yashvi Khare,REG1000,Pending,Due,63.31,No,Not Eligible,8999143565,jivika87@sarraf-arora.com,2006-08-22,Science,5.77,2025-11-15,AI & DS,9745558363,Parent of Yashvi Khare,H364,Car,https://linkedin.com/in/yashvi-khare,Ongoing,2029,"Sports, Reading",B-,Indian
Manjari Dada,REG1001,Paid in Full,No Due,77.66,No,Not Eligible,2529609036,sankarandivij@yahoo.com,2001-04-30,Science,5.46,2020-12-28,Information Technology,9789844666,Parent of Manjari Dada,H167,Bike,https://linkedin.com/in/manjari-dada,Ongoing,2024,"Photography, Coding",B+,Indian
Stuvan Chhabra,REG1002,Partial Payment,Due,66.86,Yes,Not Eligible,3380916947,bansalkavya@rastogi-gera.com,2002-11-26,Engineering,8.14,2022-05-16,Civil,9463986869,Parent of Stuvan Chhabra,H370,Walk,https://linkedin.com/in/stuvan-chhabra,Not Started,2026,"Music, Travel",O-,Indian
Krish Vaidya,REG1003,Paid in Full,No Due,94.04,Yes,Eligible,9026273355,shalvchaudhary@date.info,2006-03-01,Arts,5.22,2024-06-24,Computer Science,9850993068,Parent of Krish Vaidya,H69,Bus,https://linkedin.com/in/krish-vaidya,Ongoing,2028,"Sports, Reading",O+,Indian
Ela Som,REG1004,Pending,Due,79.31,Yes,Eligible,4116421337,trivediadira@gmail.com,2005-06-11,Engineering,9.26,2024-08-30,Civil,9418574558,Parent of Ela Som,H59,Bike,https://linkedin.com/in/ela-som,Completed,2028,"Travel, Drawing",AB+,Indian
Jiya Chandran,REG1005,Partial Payment,Due,73.46,No,Eligible,6087371258,nityasaran@yahoo.com,2000-05-17,Arts,8.4,2020-08-24,Computer Science,9534059730,Parent of Jiya Chandran,H231,Bike,https://linkedin.com/in/jiya-chandran,Not Started,2024,"Sports, Drawing",B+,Indian
Tanya Ramesh,REG1006,Pending,Due,77.96,Yes,Eligible,7835551090,bsanghvi@hotmail.com,2003-06-17,Engineering,6.74,2021-12-18,Information Technology,9824043260,Parent of Tanya Ramesh,H261,Bus,https://linkedin.com/in/tanya-ramesh,Not Started,2025,"Coding, Photography",O+,Indian
Manjari Ram,REG1007,Paid in Full,No Due,94.08,No,Not Eligible,4428097425,pariamble@guha.com,2004-09-15,Arts,7.95,2024-12-06,AI & DS,9255876868,Parent of Manjari Ram,H369,Bus,https://linkedin.com/in/manjari-ram,Completed,2028,"Sports, Music",O+,Indian
Pranay Rajan,REG1008,Pending,Due,75.61,Yes,Not Eligible,5010873082,suraayesha@kara.com,2005-01-04,Arts,8.21,2023-05-04,Mechanical,9593632535,Parent of Pranay Rajan,H36,Car,https://linkedin.com/in/pranay-rajan,Ongoing,2027,"Coding, Sports",AB-,Indian
Bhamini Tata,REG1009,Paid in Full,No Due,63.35,No,Eligible,914824862888,shaan20@yahoo.com,2001-09-06,Arts,8.64,2019-10-30,Civil,9958459366,Parent of Bhamini Tata,H367,Bike,https://linkedin.com/in/bhamini-tata,Ongoing,2023,"Sports, Reading",AB+,Indian
Keya Viswanathan,REG1010,Pending,Due,93.27,Yes,Not Eligible,919700998775,krishnanjiya@hotmail.com,2000-10-21,Engineering,9.75,2019-11-23,Electronics,9272028372,Parent of Keya Viswanathan,H373,Bus,https://linkedin.com/in/keya-viswanathan,Completed,2023,"Drawing, Sports",O+,Indian
Riya Wagle,REG1011,Paid in Full,No Due,74.39,Yes,Not Eligible,6501220960,farhan70@hotmail.com,2001-09-14,Science,5.44,2022-01-14,Information Technology,9397703429,Parent of Riya Wagle,H430,Walk,https://linkedin.com/in/riya-wagle,Completed,2026,"Sports, Music",O-,Indian
Aaina Bala,REG1012,Pending,Due,86.93,No,Not Eligible,6851356924,raupari@gmail.com,2000-06-13,Arts,8.32,2020-04-09,Civil,9755105913,Parent of Aaina Bala,H414,Walk,https://linkedin.com/in/aaina-bala,Completed,2024,"Reading, Coding",A-,Indian
Alia Bumb,REG1013,Partial Payment,Due,62.08,No,Not Eligible,1433333931,hunardoctor@hotmail.com,2006-03-02,Engineering,9.07,2024-06-10,Mechanical,9105664146,Parent of Alia Bumb,H147,Bike,https://linkedin.com/in/alia-bumb,Not Started,2028,"Coding, Photography",B+,Indian
Miraan Bakshi,REG1014,Partial Payment,Due,61.23,Yes,Not Eligible,7939722112,indrans67@gmail.com,2006-05-24,Arts,7.76,2026-08-03,Information Technology,9120477394,Parent of Miraan Bakshi,H395,Bike,https://linkedin.com/in/miraan-bakshi,Completed,2030,"Drawing, Sports",B+,Indian
Misha Srivastava,REG1015,Pending,Due,97.25,Yes,Eligible,5209307997,taran47@batra.com,2005-06-09,Engineering,7.32,2024-10-24,Information Technology,9957797783,Parent of Misha Srivastava,H284,Car,https://linkedin.com/in/misha-srivastava,Not Started,2028,"Coding, Photography",AB-,Indian
Shayak Ram,REG1016,Pending,Due,72.91,Yes,Not Eligible,9149908564,zyogi@hotmail.com,2006-08-24,Science,9.46,2026-11-27,Mechanical,9725882542,Parent of Shayak Ram,H43,Bike,https://linkedin.com/in/shayak-ram,Not Started,2030,"Drawing, Coding",AB+,Indian
Tiya Ratta,REG1017,Paid in Full,No Due,60.93,Yes,Not Eligible,6290796681,nishithacharya@keer.com,2001-12-11,Science,9.09,2022-01-02,Civil,9826513439,Parent of Tiya Ratta,H440,Car,https://linkedin.com/in/tiya-ratta,Not Started,2026,"Music, Travel",AB-,Indian
Yuvraj  Sodhi,REG1018,Paid in Full,No Due,95.36,No,Eligible,7421302832,swamyeshani@sama-chawla.com,2002-09-03,Arts,9.1,2021-09-02,Mechanical,9476252223,Parent of Yuvraj  Sodhi,H224,Car,https://linkedin.com/in/yuvraj--sodhi,Completed,2025,"Coding, Travel",AB-,Indian
Tanya Kari,REG1019,Paid in Full,No Due,82.3,No,Eligible,7329648319,goyalchirag@bhavsar.info,2003-07-12,Arts,6.85,2023-06-27,Electronics,9573495182,Parent of Tanya Kari,H183,Bike,https://linkedin.com/in/tanya-kari,Ongoing,2027,"Photography, Coding",AB+,Indian
Shaan Subramanian,REG1020,Partial Payment,Due,95.72,No,Eligible,2127684252,dharmajancheema@hotmail.com,2000-10-12,Arts,7.1,2021-01-24,Civil,9474108208,Parent of Shaan Subramanian,H209,Bus,https://linkedin.com/in/shaan-subramanian,Not Started,2025,"Drawing, Coding",A+,Indian
Aarna Krishna,REG1021,Partial Payment,Due,92.0,No,Not Eligible,915070729810,purab43@yahoo.com,2001-09-27,Science,8.9,2020-01-14,Mechanical,9934537364,Parent of Aarna Krishna,H365,Bus,https://linkedin.com/in/aarna-krishna,Not Started,2024,"Coding, Photography",O+,Indian
Badal Dey,REG1022,Paid in Full,No Due,70.64,No,Not Eligible,917256527548,ishaan07@shetty.net,2003-03-07,Engineering,5.52,2022-02-15,Information Technology,9651729199,Parent of Badal Dey,H200,Car,https://linkedin.com/in/badal-dey,Ongoing,2026,"Photography, Coding",AB-,Indian
Purab Sant,REG1023,Partial Payment,Due,60.57,Yes,Not Eligible,6777007502,gatiktank@chadha-sinha.com,2001-01-23,Arts,7.17,2020-02-28,Information Technology,9832710694,Parent of Purab Sant,H195,Bike,https://linkedin.com/in/purab-sant,Ongoing,2024,"Sports, Reading",AB+,Indian
Lavanya Banik,REG1024,Pending,Due,76.92,No,Eligible,7985662833,ivana71@bhagat-acharya.info,2008-01-23,Science,8.0,2026-03-18,Information Technology,9538638143,Parent of Lavanya Banik,H144,Car,https://linkedin.com/in/lavanya-banik,Ongoing,2030,"Photography, Coding",AB-,Indian
Inaaya  Grewal,REG1025,Partial Payment,Due,63.95,Yes,Not Eligible,9877578180,prerakkaran@yahoo.com,2006-02-06,Science,6.1,2025-04-28,Civil,9099605957,Parent of Inaaya  Grewal,H458,Walk,https://linkedin.com/in/inaaya--grewal,Ongoing,2029,"Sports, Reading",O-,Indian
Vaibhav Raman,REG1026,Paid in Full,No Due,93.59,Yes,Not Eligible,913367580545,zeeshansankaran@kulkarni.net,2002-04-11,Engineering,6.71,2020-07-15,AI & DS,9047477234,Parent of Vaibhav Raman,H235,Bike,https://linkedin.com/in/vaibhav-raman,Completed,2024,"Reading, Coding",B+,Indian
Zain Karan,REG1027,Pending,Due,89.9,Yes,Not Eligible,6275487140,qkar@gmail.com,2005-02-11,Arts,6.44,2023-05-22,Computer Science,9098404664,Parent of Zain Karan,H165,Bus,https://linkedin.com/in/zain-karan,Not Started,2027,"Coding, Photography",A+,Indian
Vihaan Trivedi,REG1028,Paid in Full,No Due,74.94,No,Not Eligible,5728119768,taimurchokshi@chaudhuri.com,2007-01-27,Science,5.77,2024-12-28,Information Technology,9475198957,Parent of Vihaan Trivedi,H458,Walk,https://linkedin.com/in/vihaan-trivedi,Completed,2028,"Sports, Music",O-,Indian
Sumer Bhalla,REG1029,Pending,Due,65.17,Yes,Not Eligible,9376293241,zram@lanka-uppal.com,2008-01-09,Engineering,6.78,2025-12-02,Civil,9799995845,Parent of Sumer Bhalla,H346,Walk,https://linkedin.com/in/sumer-bhalla,Completed,2029,"Music, Reading",O-,Indian
Gokul Deol,REG1030,Partial Payment,Due,70.92,Yes,Not Eligible,692325818,cheemasuhana@reddy.com,2004-10-04,Engineering,6.01,2023-05-29,Mechanical,9260934437,Parent of Gokul Deol,H438,Walk,https://linkedin.com/in/gokul-deol,Not Started,2027,"Reading, Reading",O-,Indian
Purab Golla,REG1031,Paid in Full,No Due,92.91,Yes,Not Eligible,8522355105,sastrypriyansh@yahoo.com,2007-04-12,Science,6.51,2027-01-30,Mechanical,9916765805,Parent of Purab Golla,H306,Walk,https://linkedin.com/in/purab-golla,Completed,2031,"Coding, Travel",O-,Indian
Trisha Dixit,REG1032,Paid in Full,No Due,72.95,No,Not Eligible,913527584903,taran28@yahoo.com,2004-07-19,Arts,8.32,2023-03-09,Civil,9210523589,Parent of Trisha Dixit,H90,Walk,https://linkedin.com/in/trisha-dixit,Ongoing,2027,"Sports, Reading",O-,Indian
Raunak Dugar,REG1033,Paid in Full,No Due,70.92,Yes,Not Eligible,7110190621,priyanshdesai@chaudhary.com,2006-08-16,Engineering,5.68,2025-03-17,AI & DS,9434211730,Parent of Raunak Dugar,H231,Bike,https://linkedin.com/in/raunak-dugar,Ongoing,2029,"Drawing, Photography",B+,Indian
Mamooty Kakar,REG1034,Paid in Full,No Due,96.17,Yes,Not Eligible,916872207910,jsubramaniam@kannan.com,2004-05-09,Science,5.57,2023-05-08,Civil,9221404920,Parent of Mamooty Kakar,H421,Bus,https://linkedin.com/in/mamooty-kakar,Ongoing,2027,"Drawing, Photography",A+,Indian
Ritvik Taneja,REG1035,Pending,Due,86.03,No,Not Eligible,9714344688,nityavyas@acharya.com,2000-02-15,Engineering,9.04,2019-11-14,Information Technology,9708263367,Parent of Ritvik Taneja,H368,Car,https://linkedin.com/in/ritvik-taneja,Not Started,2023,"Coding, Photography",AB-,Indian
Neelofar Mand,REG1036,Paid in Full,No Due,85.45,No,Not Eligible,4877095595,rajagopallakshit@bala.com,2005-10-09,Engineering,6.73,2025-03-27,Civil,9262271224,Parent of Neelofar Mand,H225,Bus,https://linkedin.com/in/neelofar-mand,Not Started,2029,"Travel, Sports",A+,Indian
Saksham Gopal,REG1037,Paid in Full,No Due,66.62,Yes,Eligible,126719674,yakshitchana@hotmail.com,2002-06-18,Science,7.63,2021-12-27,AI & DS,9786201466,Parent of Saksham Gopal,H467,Bike,https://linkedin.com/in/saksham-gopal,Ongoing,2025,"Drawing, Photography",B+,Indian
Mahika Dubey,REG1038,Partial Payment,Due,79.96,Yes,Eligible,3798292128,vedikacheema@gmail.com,2001-11-08,Engineering,8.81,2020-01-25,AI & DS,9165465688,Parent of Mahika Dubey,H189,Bus,https://linkedin.com/in/mahika-dubey,Completed,2024,"Photography, Photography",A+,Indian
Jivin Suresh,REG1039,Partial Payment,Due,84.31,No,Not Eligible,918510057805,balanshamik@dhar.com,2002-05-13,Arts,7.6,2020-04-10,Computer Science,9662531265,Parent of Jivin Suresh,H266,Walk,https://linkedin.com/in/jivin-suresh,Not Started,2024,"Coding, Photography",A-,Indian
Priyansh Dar,REG1040,Paid in Full,No Due,87.06,No,Not Eligible,915947260229,kiaragolla@bansal.biz,2007-09-22,Science,5.4,2026-10-31,Electronics,9032295704,Parent of Priyansh Dar,H205,Bus,https://linkedin.com/in/priyansh-dar,Not Started,2030,"Travel, Sports",A+,Indian
Advika Sibal,REG1041,Paid in Full,No Due,80.53,No,Eligible,1713319931,lagan43@agate-som.org,2007-05-12,Arts,8.16,2027-11-21,AI & DS,9393778033,Parent of Advika Sibal,H34,Walk,https://linkedin.com/in/advika-sibal,Completed,2031,"Coding, Travel",A-,Indian
Ira Cheema,REG1042,Partial Payment,Due,71.71,No,Eligible,919768547115,msastry@yahoo.com,2003-05-08,Engineering,6.55,2023-06-08,Mechanical,9348708899,Parent of Ira Cheema,H400,Car,https://linkedin.com/in/ira-cheema,Completed,2027,"Coding, Travel",B-,Indian
Saanvi Dhillon,REG1043,Partial Payment,Due,66.08,Yes,Not Eligible,912492836737,krau@brar.com,2006-09-07,Science,9.44,2025-05-02,Mechanical,9995383029,Parent of Saanvi Dhillon,H30,Walk,https://linkedin.com/in/saanvi-dhillon,Completed,2029,"Music, Reading",O-,Indian
Keya Comar,REG1044,Partial Payment,Due,84.52,Yes,Eligible,910778021697,vtalwar@hotmail.com,2007-10-13,Science,8.05,2028-03-18,Information Technology,9005044528,Parent of Keya Comar,H29,Bus,https://linkedin.com/in/keya-comar,Not Started,2032,"Coding, Photography",A+,Indian
Ranbir Gaba,REG1045,Paid in Full,No Due,87.65,Yes,Eligible,4656223679,ikrishnan@shroff.org,2007-12-25,Arts,6.03,2027-09-19,Electronics,9558288719,Parent of Ranbir Gaba,H220,Car,https://linkedin.com/in/ranbir-gaba,Ongoing,2031,"Reading, Music",AB-,Indian
Hazel Sehgal,REG1046,Paid in Full,No Due,71.39,Yes,Eligible,916022124537,divij68@gmail.com,2005-04-22,Science,6.17,2024-08-03,AI & DS,9087875854,Parent of Hazel Sehgal,H355,Bike,https://linkedin.com/in/hazel-sehgal,Ongoing,2028,"Reading, Music",AB+,Indian
Jiya Choudhury,REG1047,Paid in Full,No Due,98.24,Yes,Eligible,9719886648,anneojas@yahoo.com,2000-12-24,Engineering,9.23,2018-12-31,Electronics,9315865271,Parent of Jiya Choudhury,H272,Car,https://linkedin.com/in/jiya-choudhury,Not Started,2022,"Reading, Reading",AB-,Indian
Manjari Kala,REG1048,Partial Payment,Due,74.85,No,Not Eligible,8503289180,lokesamar@hotmail.com,2000-05-09,Arts,9.06,2018-08-27,Civil,9133734635,Parent of Manjari Kala,H136,Car,https://linkedin.com/in/manjari-kala,Completed,2022,"Travel, Drawing",B-,Indian
Adira Tandon,REG1049,Pending,Due,96.83,No,Eligible,2159187089,chadelakshi@dash.com,2001-03-02,Engineering,5.74,2020-11-16,Computer Science,9453088464,Parent of Adira Tandon,H465,Bus,https://linkedin.com/in/adira-tandon,Completed,2024,"Sports, Music",A+,Indian
Ayesha Raj,REG1050,Partial Payment,Due,70.7,Yes,Eligible,5860150251,reneedani@hotmail.com,2004-02-11,Science,8.31,2023-10-01,Electronics,9086643156,Parent of Ayesha Raj,H157,Bus,https://linkedin.com/in/ayesha-raj,Ongoing,2027,"Coding, Sports",O+,Indian
Nitya Deep,REG1051,Pending,Due,90.07,Yes,Eligible,2994422338,ltripathi@gmail.com,2004-05-16,Engineering,6.1,2024-04-27,Information Technology,9323966625,Parent of Nitya Deep,H126,Walk,https://linkedin.com/in/nitya-deep,Not Started,2028,"Reading, Reading",A-,Indian
Jayan Shenoy,REG1052,Paid in Full,No Due,81.19,No,Eligible,8035108343,sairaganesh@bajwa.org,2007-11-16,Engineering,6.99,2025-11-24,Civil,9300850219,Parent of Jayan Shenoy,H220,Car,https://linkedin.com/in/jayan-shenoy,Not Started,2029,"Travel, Sports",B-,Indian
Ahana  Chahal,REG1053,Partial Payment,Due,84.77,Yes,Not Eligible,913720910713,faiyaz43@doctor.biz,2007-06-26,Science,5.41,2026-07-23,Civil,9262490473,Parent of Ahana  Chahal,H474,Walk,https://linkedin.com/in/ahana--chahal,Ongoing,2030,"Coding, Sports",A-,Indian
Diya Lala,REG1054,Paid in Full,No Due,92.23,No,Eligible,3998106446,sraj@yahoo.com,2003-02-24,Engineering,8.89,2021-08-25,Electronics,9490193039,Parent of Diya Lala,H40,Car,https://linkedin.com/in/diya-lala,Completed,2025,"Reading, Coding",AB-,Indian
Ranbir Gole,REG1055,Pending,Due,77.86,No,Not Eligible,6288028301,karpeyuvraj@chokshi-mani.com,2003-05-29,Science,6.38,2022-09-04,Computer Science,9298541084,Parent of Ranbir Gole,H85,Bus,https://linkedin.com/in/ranbir-gole,Ongoing,2026,"Reading, Music",O+,Indian
Ayesha Badami,REG1056,Pending,Due,63.27,No,Eligible,913393721887,azad34@bhavsar.info,2006-03-18,Science,9.69,2024-02-14,Electronics,9559448051,Parent of Ayesha Badami,H52,Car,https://linkedin.com/in/ayesha-badami,Completed,2028,"Drawing, Sports",B-,Indian
Aaryahi Gala,REG1057,Partial Payment,Due,80.56,Yes,Eligible,6557545746,goswamipurab@ahluwalia.info,2007-06-21,Arts,5.53,2026-06-10,Information Technology,9164442770,Parent of Aaryahi Gala,H271,Bike,https://linkedin.com/in/aaryahi-gala,Not Started,2030,"Sports, Drawing",B+,Indian
Jayan Khare,REG1058,Partial Payment,Due,93.78,Yes,Not Eligible,3606918612,nsem@gmail.com,2002-11-15,Arts,6.74,2023-03-19,Computer Science,9194835334,Parent of Jayan Khare,H335,Bike,https://linkedin.com/in/jayan-khare,Completed,2027,"Reading, Coding",AB+,Indian
Anay Choudhury,REG1059,Pending,Due,80.24,No,Eligible,3591411396,jayesh30@bajaj.com,2000-05-14,Science,8.74,2019-04-10,Civil,9777418200,Parent of Anay Choudhury,H201,Bus,https://linkedin.com/in/anay-choudhury,Not Started,2023,"Travel, Sports",A+,Indian
Mannat Doctor,REG1060,Pending,Due,60.86,Yes,Eligible,2457473706,aainaloyal@yahoo.com,2003-12-24,Science,9.64,2021-10-27,Civil,9520588137,Parent of Mannat Doctor,H138,Walk,https://linkedin.com/in/mannat-doctor,Not Started,2025,"Photography, Music",A-,Indian
Elakshi Kar,REG1061,Pending,Due,73.72,Yes,Eligible,8411711765,ramakrishnaneshani@yahoo.com,2003-02-06,Engineering,8.01,2021-05-02,Computer Science,9007241821,Parent of Elakshi Kar,H322,Walk,https://linkedin.com/in/elakshi-kar,Ongoing,2025,"Photography, Coding",O-,Indian
Mamooty Batta,REG1062,Pending,Due,62.18,No,Not Eligible,914609841446,sarnapranay@yahoo.com,2000-05-30,Engineering,6.42,2020-10-06,Civil,9199601857,Parent of Mamooty Batta,H358,Walk,https://linkedin.com/in/mamooty-batta,Ongoing,2024,"Coding, Sports",A-,Indian
Vihaan Kade,REG1063,Partial Payment,Due,69.01,Yes,Eligible,3876244566,mishti65@gmail.com,2005-12-09,Science,9.12,2024-11-26,Mechanical,9121791033,Parent of Vihaan Kade,H34,Walk,https://linkedin.com/in/vihaan-kade,Not Started,2028,"Coding, Photography",A-,Indian
Aniruddh Lalla,REG1064,Pending,Due,70.49,Yes,Eligible,9565947224,jayant80@majumdar.com,2005-08-15,Science,6.09,2024-05-31,Electronics,9948757714,Parent of Aniruddh Lalla,H215,Bike,https://linkedin.com/in/aniruddh-lalla,Not Started,2028,"Reading, Reading",B+,Indian
Lakshit Bera,REG1065,Pending,Due,67.6,No,Not Eligible,911437046157,wsabharwal@yahoo.com,2006-05-16,Arts,8.59,2024-04-17,AI & DS,9168542735,Parent of Lakshit Bera,H236,Car,https://linkedin.com/in/lakshit-bera,Completed,2028,"Sports, Music",AB-,Indian
Eshani Dyal,REG1066,Partial Payment,Due,86.85,Yes,Eligible,910720161938,isawhney@hotmail.com,2004-06-05,Science,7.85,2024-07-14,Information Technology,9052365374,Parent of Eshani Dyal,H375,Bike,https://linkedin.com/in/eshani-dyal,Completed,2028,"Music, Reading",AB+,Indian
Alisha Wali,REG1067,Partial Payment,Due,69.16,Yes,Eligible,6297635254,zachariahtushar@gmail.com,2007-12-07,Engineering,6.01,2027-03-15,Electronics,9240143256,Parent of Alisha Wali,H257,Bus,https://linkedin.com/in/alisha-wali,Completed,2031,"Sports, Music",A+,Indian
Shamik Varghese,REG1068,Pending,Due,86.89,Yes,Not Eligible,750962125,issacelakshi@dara.biz,2001-12-08,Arts,6.31,2021-05-05,Information Technology,9492607922,Parent of Shamik Varghese,H423,Bike,https://linkedin.com/in/shamik-varghese,Completed,2025,"Photography, Photography",B+,Indian
Faiyaz Tak,REG1069,Paid in Full,No Due,93.16,Yes,Eligible,1715418524,nishith48@hotmail.com,2001-09-14,Arts,8.87,2020-02-14,Civil,9855025016,Parent of Faiyaz Tak,H17,Bus,https://linkedin.com/in/faiyaz-tak,Not Started,2024,"Drawing, Coding",A+,Indian
Ira Chaudhary,REG1070,Pending,Due,69.13,No,Not Eligible,739310426,aarnachauhan@gmail.com,2001-09-27,Arts,8.58,2020-05-13,Mechanical,9857976255,Parent of Ira Chaudhary,H256,Car,https://linkedin.com/in/ira-chaudhary,Not Started,2024,"Reading, Reading",AB-,Indian
Shalv Kakar,REG1071,Pending,Due,94.23,No,Eligible,915989815063,divij84@dugar.com,2001-02-08,Science,5.69,2020-08-03,Civil,9911081349,Parent of Shalv Kakar,H350,Walk,https://linkedin.com/in/shalv-kakar,Not Started,2024,"Travel, Sports",O-,Indian
Vritika D’Alia,REG1072,Partial Payment,Due,65.99,No,Not Eligible,910202248660,mahika44@bera-kata.info,2005-07-08,Arts,6.27,2025-07-30,Information Technology,9019952311,Parent of Vritika D’Alia,H312,Car,https://linkedin.com/in/vritika-d’alia,Not Started,2029,"Photography, Music",AB-,Indian
Vanya Rege,REG1073,Paid in Full,No Due,81.02,No,Not Eligible,9976671162,krishnarania@rajan.info,2002-03-25,Engineering,9.16,2020-09-20,Mechanical,9279023140,Parent of Vanya Rege,H141,Bus,https://linkedin.com/in/vanya-rege,Completed,2024,"Reading, Coding",O+,Indian
Zara Issac,REG1074,Pending,Due,90.59,Yes,Not Eligible,1296112182,bbhakta@bhasin.com,2005-04-18,Arts,7.53,2023-08-01,Information Technology,9488724623,Parent of Zara Issac,H124,Car,https://linkedin.com/in/zara-issac,Completed,2027,"Photography, Photography",AB-,Indian
Tejas Baria,REG1075,Pending,Due,65.3,Yes,Eligible,9574589730,purab97@dhingra.com,2005-08-25,Arts,9.86,2025-01-01,Electronics,9910191031,Parent of Tejas Baria,H32,Car,https://linkedin.com/in/tejas-baria,Ongoing,2029,"Sports, Reading",AB-,Indian
Mishti Biswas,REG1076,Paid in Full,No Due,93.01,Yes,Eligible,1658727180,elakshi17@apte.com,2005-04-04,Arts,5.24,2024-11-03,Information Technology,9715148894,Parent of Mishti Biswas,H395,Bike,https://linkedin.com/in/mishti-biswas,Completed,2028,"Drawing, Sports",AB+,Indian
Pihu Bhagat,REG1077,Partial Payment,Due,93.86,Yes,Not Eligible,7344352990,aniruddhsetty@dutta.biz,2005-12-10,Science,9.16,2023-12-24,Information Technology,9218812016,Parent of Pihu Bhagat,H17,Bus,https://linkedin.com/in/pihu-bhagat,Not Started,2027,"Music, Travel",A+,Indian
Anahi Karan,REG1078,Pending,Due,69.21,Yes,Eligible,9256343672,bhavinraju@bajwa.com,2005-10-16,Engineering,7.75,2024-05-09,Civil,9784091882,Parent of Anahi Karan,H383,Bike,https://linkedin.com/in/anahi-karan,Ongoing,2028,"Drawing, Photography",B+,Indian
Kabir Bahri,REG1079,Partial Payment,Due,71.23,No,Not Eligible,3046012587,romilyohannan@chopra.com,2000-08-12,Arts,8.65,2020-10-02,Electronics,9700585592,Parent of Kabir Bahri,H93,Bus,https://linkedin.com/in/kabir-bahri,Completed,2024,"Coding, Travel",A+,Indian
Madhav Buch,REG1080,Partial Payment,Due,70.62,Yes,Eligible,4179721178,misha63@hotmail.com,2000-07-23,Science,9.06,2020-04-14,Information Technology,9389693180,Parent of Madhav Buch,H181,Bus,https://linkedin.com/in/madhav-buch,Completed,2024,"Music, Reading",O+,Indian
Samar Bansal,REG1081,Partial Payment,Due,87.01,Yes,Eligible,7891982286,kaurfateh@gmail.com,2002-02-10,Science,7.27,2020-08-20,Information Technology,9966212023,Parent of Samar Bansal,H24,Car,https://linkedin.com/in/samar-bansal,Completed,2024,"Photography, Photography",AB-,Indian
Yuvraj  Kari,REG1082,Pending,Due,63.36,No,Eligible,915053898586,ryanswamy@dyal.info,2001-05-19,Science,5.84,2020-01-02,AI & DS,9099419364,Parent of Yuvraj  Kari,H365,Bus,https://linkedin.com/in/yuvraj--kari,Not Started,2024,"Music, Travel",O+,Indian
Damini Bhatia,REG1083,Paid in Full,No Due,86.0,Yes,Eligible,7423270102,amira37@yahoo.com,2001-04-04,Arts,8.5,2020-07-04,Information Technology,9898373410,Parent of Damini Bhatia,H411,Bike,https://linkedin.com/in/damini-bhatia,Completed,2024,"Travel, Drawing",B+,Indian
Alisha Bobal,REG1084,Paid in Full,No Due,85.75,Yes,Eligible,2843882389,cganguly@khurana.net,2003-05-17,Engineering,6.52,2021-08-06,Civil,9967867179,Parent of Alisha Bobal,H180,Car,https://linkedin.com/in/alisha-bobal,Completed,2025,"Coding, Travel",B-,Indian
Raghav Soni,REG1085,Pending,Due,84.96,No,Eligible,911738532334,nvirk@yahoo.com,2005-09-23,Science,6.14,2025-04-21,Mechanical,9830831298,Parent of Raghav Soni,H299,Bike,https://linkedin.com/in/raghav-soni,Not Started,2029,"Travel, Sports",B+,Indian
Indranil Dass,REG1086,Paid in Full,No Due,67.57,Yes,Eligible,8867978619,umangmadan@gmail.com,2006-06-08,Science,5.7,2024-08-17,AI & DS,9135326147,Parent of Indranil Dass,H148,Car,https://linkedin.com/in/indranil-dass,Not Started,2028,"Sports, Drawing",B-,Indian
Vidur Kunda,REG1087,Paid in Full,No Due,66.58,No,Not Eligible,5343261633,dhanush32@kalla.com,2007-09-28,Arts,5.13,2026-03-07,Information Technology,9234532584,Parent of Vidur Kunda,H85,Bus,https://linkedin.com/in/vidur-kunda,Not Started,2030,"Travel, Sports",A+,Indian
Aarna Kar,REG1088,Pending,Due,89.11,Yes,Eligible,6412735489,divijmanne@kashyap-chanda.com,2002-04-02,Engineering,7.21,2020-01-22,AI & DS,9347802904,Parent of Aarna Kar,H405,Bus,https://linkedin.com/in/aarna-kar,Ongoing,2024,"Sports, Reading",A+,Indian
Aaina Cherian,REG1089,Partial Payment,Due,64.2,Yes,Not Eligible,557447201,renee40@dey.com,2001-01-05,Science,9.03,2019-12-15,Information Technology,9079217942,Parent of Aaina Cherian,H443,Bike,https://linkedin.com/in/aaina-cherian,Completed,2023,"Travel, Drawing",AB+,Indian
Nitya Sarma,REG1090,Paid in Full,No Due,99.84,No,Eligible,911799919450,nitya85@chowdhury.com,2004-10-10,Engineering,8.22,2025-02-10,Computer Science,9694498175,Parent of Nitya Sarma,H176,Car,https://linkedin.com/in/nitya-sarma,Not Started,2029,"Photography, Music",AB-,Indian
Badal Dyal,REG1091,Partial Payment,Due,95.27,No,Eligible,232415149,cbhavsar@dara.com,2006-05-08,Science,7.36,2025-04-11,Mechanical,9303007653,Parent of Badal Dyal,H154,Walk,https://linkedin.com/in/badal-dyal,Not Started,2029,"Sports, Drawing",O-,Indian
Krish Andra,REG1092,Partial Payment,Due,97.52,Yes,Not Eligible,4558947412,shanayaseth@sarin.com,2000-06-06,Science,8.09,2018-03-28,AI & DS,9476628725,Parent of Krish Andra,H226,Walk,https://linkedin.com/in/krish-andra,Not Started,2022,"Drawing, Coding",O-,Indian
Mohanlal Sunder,REG1093,Paid in Full,No Due,60.49,Yes,Eligible,3335617805,veer73@gmail.com,2001-12-13,Arts,5.13,2021-01-10,Information Technology,9121157602,Parent of Mohanlal Sunder,H103,Bike,https://linkedin.com/in/mohanlal-sunder,Completed,2025,"Music, Reading",B+,Indian
Indrans Char,REG1094,Partial Payment,Due,72.52,Yes,Eligible,6298772795,dravi@hotmail.com,2001-07-15,Science,7.34,2019-12-21,Mechanical,9297573050,Parent of Indrans Char,H51,Bike,https://linkedin.com/in/indrans-char,Not Started,2023,"Coding, Photography",B+,Indian
Mohanlal Bajaj,REG1095,Paid in Full,No Due,78.31,Yes,Eligible,8595084192,chhabraivana@iyengar.com,2003-01-04,Arts,6.04,2022-01-20,Mechanical,9771562782,Parent of Mohanlal Bajaj,H283,Bike,https://linkedin.com/in/mohanlal-bajaj,Completed,2026,"Music, Reading",AB+,Indian
Riya Bajaj,REG1096,Pending,Due,64.34,Yes,Not Eligible,4995973031,pkrishnamurthy@gmail.com,2007-01-17,Engineering,7.39,2027-03-27,Information Technology,9214020852,Parent of Riya Bajaj,H353,Bus,https://linkedin.com/in/riya-bajaj,Not Started,2031,"Travel, Sports",O+,Indian
Tejas Sabharwal,REG1097,Pending,Due,91.59,No,Eligible,8281366470,nirvisalvi@gmail.com,2003-10-28,Arts,7.2,2022-12-28,Civil,9858749299,Parent of Tejas Sabharwal,H300,Car,https://linkedin.com/in/tejas-sabharwal,Completed,2026,"Sports, Music",B-,Indian
Tejas Ahluwalia,REG1098,Partial Payment,Due,88.2,No,Not Eligible,6616062222,jivika88@yahoo.com,2002-10-28,Engineering,5.73,2021-08-15,Civil,9673685254,Parent of Tejas Ahluwalia,H255,Bike,https://linkedin.com/in/tejas-ahluwalia,Not Started,2025,"Music, Travel",AB+,Indian
Indranil Chand,REG1099,Pending,Due,73.9,No,Not Eligible,8728154492,kadakiaseher@kari.com,2007-06-26,Engineering,5.64,2026-09-02,Computer Science,9573280107,Parent of Indranil Chand,H108,Car,https://linkedin.com/in/indranil-chand,Not Started,2030,"Drawing, Coding",B-,Indian
Himmat Dora,REG1100,Pending,Due,98.1,No,Not Eligible,8091961363,oyogi@gmail.com,2001-08-10,Engineering,6.88,2020-03-03,Mechanical,9352952857,Parent of Himmat Dora,H358,Walk,https://linkedin.com/in/himmat-dora,Ongoing,2024,"Music, Drawing",A-,Indian
Shanaya Wagle,REG1101,Paid in Full,No Due,68.13,No,Not Eligible,1426537985,balakrishnanaarna@shenoy-suri.com,2001-03-26,Engineering,7.04,2019-05-04,Electronics,9255527605,Parent of Shanaya Wagle,H106,Walk,https://linkedin.com/in/shanaya-wagle,Completed,2023,"Travel, Drawing",O-,Indian
Eva Apte,REG1102,Pending,Due,73.09,Yes,Eligible,910702709779,vaggarwal@yahoo.com,2001-03-04,Science,5.9,2020-03-17,Mechanical,9787847694,Parent of Eva Apte,H195,Bike,https://linkedin.com/in/eva-apte,Ongoing,2024,"Travel, Travel",AB+,Indian
Jayan Doshi,REG1103,Paid in Full,No Due,65.36,No,Not Eligible,3739896249,yapte@guha-sule.biz,2008-01-22,Arts,8.15,2028-07-16,Computer Science,9230438896,Parent of Jayan Doshi,H397,Bus,https://linkedin.com/in/jayan-doshi,Completed,2032,"Drawing, Sports",A+,Indian
Bhavin Gara,REG1104,Partial Payment,Due,74.9,Yes,Not Eligible,919450133295,jbath@dhingra.com,2002-01-29,Science,9.76,2021-08-13,Civil,9459299019,Parent of Bhavin Gara,H20,Car,https://linkedin.com/in/bhavin-gara,Not Started,2025,"Sports, Drawing",B-,Indian
Jhanvi Batra,REG1105,Pending,Due,99.62,No,Not Eligible,8952533009,khushithaman@hotmail.com,2004-03-18,Science,9.15,2022-02-02,Computer Science,9926670983,Parent of Jhanvi Batra,H484,Car,https://linkedin.com/in/jhanvi-batra,Completed,2026,"Reading, Coding",AB-,Indian
Shamik Sarkar,REG1106,Partial Payment,Due,96.32,No,Not Eligible,3880182559,solankireyansh@yahoo.com,2004-02-29,Engineering,7.91,2022-09-15,AI & DS,9292753214,Parent of Shamik Sarkar,H215,Bike,https://linkedin.com/in/shamik-sarkar,Not Started,2026,"Sports, Drawing",AB+,Indian
Nehmat Devi,REG1107,Partial Payment,Due,66.28,Yes,Not Eligible,3297142276,overma@goda.biz,2005-09-29,Arts,5.18,2023-07-28,Mechanical,9144452883,Parent of Nehmat Devi,H384,Car,https://linkedin.com/in/nehmat-devi,Not Started,2027,"Drawing, Coding",B-,Indian
Rasha Sha,REG1108,Partial Payment,Due,91.71,Yes,Eligible,4748715449,samiha59@barad.com,2003-06-20,Science,9.42,2021-06-03,Computer Science,9279290223,Parent of Rasha Sha,H224,Car,https://linkedin.com/in/rasha-sha,Completed,2025,"Reading, Coding",AB-,Indian
Ahana  Comar,REG1109,Pending,Due,76.66,No,Eligible,917112812955,misha94@gmail.com,2003-05-02,Science,9.34,2022-10-06,Computer Science,9270454099,Parent of Ahana  Comar,H100,Car,https://linkedin.com/in/ahana--comar,Ongoing,2026,"Travel, Travel",B-,Indian
Damini Dugal,REG1110,Pending,Due,69.42,Yes,Not Eligible,9984457565,elaupadhyay@swamy.com,2004-09-03,Engineering,8.86,2024-09-19,Information Technology,9874050827,Parent of Damini Dugal,H328,Car,https://linkedin.com/in/damini-dugal,Not Started,2028,"Drawing, Coding",B-,Indian
Shayak Ram,REG1111,Paid in Full,No Due,97.43,No,Eligible,913643530493,onkartak@hotmail.com,2000-04-09,Engineering,5.89,2019-10-21,AI & DS,9822103005,Parent of Shayak Ram,H6,Walk,https://linkedin.com/in/shayak-ram,Ongoing,2023,"Music, Drawing",O-,Indian
Yasmin Krishnamurthy,REG1112,Partial Payment,Due,82.29,No,Eligible,913132490932,cmannan@madan-bains.com,2000-03-31,Arts,9.42,2019-02-05,Civil,9333365473,Parent of Yasmin Krishnamurthy,H474,Walk,https://linkedin.com/in/yasmin-krishnamurthy,Not Started,2023,"Drawing, Coding",A-,Indian
Trisha Varkey,REG1113,Pending,Due,81.0,Yes,Not Eligible,917348594250,ivarghese@hotmail.com,2001-07-06,Arts,9.54,2019-07-28,Civil,9244991804,Parent of Trisha Varkey,H305,Bus,https://linkedin.com/in/trisha-varkey,Not Started,2023,"Reading, Reading",O+,Indian
Amira Cherian,REG1114,Paid in Full,No Due,70.73,Yes,Eligible,693893620,ymajumdar@hotmail.com,2005-12-29,Science,7.96,2024-01-28,Electronics,9948343216,Parent of Amira Cherian,H217,Bus,https://linkedin.com/in/amira-cherian,Not Started,2028,"Reading, Reading",A+,Indian
Eshani Ramesh,REG1115,Partial Payment,Due,75.55,No,Not Eligible,8264701551,sdoctor@hotmail.com,2002-04-02,Arts,5.66,2020-06-09,Electronics,9868330735,Parent of Eshani Ramesh,H236,Car,https://linkedin.com/in/eshani-ramesh,Ongoing,2024,"Photography, Coding",AB-,Indian
Hansh Kumer,REG1116,Partial Payment,Due,85.96,No,Eligible,8044576190,biju91@gmail.com,2007-08-23,Science,6.7,2026-03-08,Mechanical,9970649280,Parent of Hansh Kumer,H281,Bus,https://linkedin.com/in/hansh-kumer,Ongoing,2030,"Drawing, Photography",A+,Indian
Kimaya Borde,REG1117,Pending,Due,73.45,No,Eligible,911157469213,aggarwalpiya@tella.com,2004-07-11,Engineering,8.17,2024-04-28,Mechanical,9205606139,Parent of Kimaya Borde,H140,Car,https://linkedin.com/in/kimaya-borde,Completed,2028,"Sports, Music",B-,Indian
Alia Bali,REG1118,Paid in Full,No Due,71.98,No,Eligible,3724554427,hiran36@halder-garde.biz,2003-01-25,Engineering,6.98,2022-01-16,AI & DS,9872188682,Parent of Alia Bali,H183,Bike,https://linkedin.com/in/alia-bali,Not Started,2026,"Reading, Reading",B+,Indian
Tushar Sathe,REG1119,Pending,Due,96.33,Yes,Not Eligible,910131437329,umang06@sibal-atwal.com,2003-02-27,Science,7.56,2021-06-07,Computer Science,9828038975,Parent of Tushar Sathe,H476,Car,https://linkedin.com/in/tushar-sathe,Completed,2025,"Sports, Music",AB-,Indian
Azad Sen,REG1120,Pending,Due,89.0,No,Not Eligible,1091738169,bhatnagarsana@yahoo.com,2000-08-27,Science,7.41,2020-04-10,Electronics,9437645768,Parent of Azad Sen,H269,Bus,https://linkedin.com/in/azad-sen,Ongoing,2024,"Drawing, Photography",A+,Indian
Indrans Vora,REG1121,Paid in Full,No Due,88.19,No,Eligible,915198934149,vivaanshanker@hotmail.com,2001-10-13,Science,8.37,2021-03-09,AI & DS,9595229526,Parent of Indrans Vora,H27,Bike,https://linkedin.com/in/indrans-vora,Ongoing,2025,"Music, Drawing",AB+,Indian
Mahika Salvi,REG1122,Paid in Full,No Due,70.76,No,Eligible,6831154057,madhav63@sem.com,2007-10-19,Science,7.47,2028-01-20,Civil,9254995040,Parent of Mahika Salvi,H41,Bus,https://linkedin.com/in/mahika-salvi,Ongoing,2032,"Coding, Sports",A+,Indian
Pranay Lalla,REG1123,Pending,Due,85.55,No,Eligible,914625305846,xviswanathan@sur.com,2003-05-16,Science,7.12,2022-06-19,AI & DS,9346794302,Parent of Pranay Lalla,H303,Bike,https://linkedin.com/in/pranay-lalla,Completed,2026,"Sports, Music",AB+,Indian
Farhan Gill,REG1124,Paid in Full,No Due,87.84,Yes,Eligible,4963323498,sarnasuhana@tandon.com,2003-11-08,Engineering,6.76,2021-10-08,Computer Science,9700056823,Parent of Farhan Gill,H324,Car,https://linkedin.com/in/farhan-gill,Ongoing,2025,"Sports, Reading",AB-,Indian
Dhruv Gulati,REG1125,Paid in Full,No Due,60.62,Yes,Not Eligible,910583785692,bsen@hotmail.com,2005-06-15,Science,5.1,2025-09-10,Mechanical,9402769265,Parent of Dhruv Gulati,H266,Walk,https://linkedin.com/in/dhruv-gulati,Completed,2029,"Travel, Drawing",A-,Indian
Misha Kashyap,REG1126,Pending,Due,98.9,Yes,Eligible,916634000276,mohanlal96@yahoo.com,2004-06-09,Science,8.22,2023-01-14,Electronics,9535613022,Parent of Misha Kashyap,H23,Bike,https://linkedin.com/in/misha-kashyap,Not Started,2027,"Reading, Reading",AB+,Indian
Kartik Halder,REG1127,Paid in Full,No Due,77.39,Yes,Eligible,6139215377,farhan25@gmail.com,2005-04-21,Engineering,6.65,2024-03-01,Computer Science,9996121128,Parent of Kartik Halder,H129,Bus,https://linkedin.com/in/kartik-halder,Not Started,2028,"Music, Travel",A+,Indian
Elakshi Krishnan,REG1128,Partial Payment,Due,89.57,No,Eligible,919990671381,kaira92@bora.com,2002-05-28,Engineering,8.01,2022-06-22,Electronics,9237045914,Parent of Elakshi Krishnan,H415,Bike,https://linkedin.com/in/elakshi-krishnan,Completed,2026,"Coding, Travel",B+,Indian
Devansh Varughese,REG1129,Paid in Full,No Due,88.82,No,Not Eligible,5310747083,ldutta@gopal.biz,2006-04-09,Engineering,7.14,2025-05-09,AI & DS,9920441839,Parent of Devansh Varughese,H340,Car,https://linkedin.com/in/devansh-varughese,Ongoing,2029,"Music, Drawing",AB-,Indian
Rohan Bandi,REG1130,Partial Payment,Due,66.82,No,Eligible,910086686097,aaryahidasgupta@saxena-barad.com,2003-05-02,Engineering,6.12,2021-02-18,Computer Science,9943937619,Parent of Rohan Bandi,H120,Car,https://linkedin.com/in/rohan-bandi,Not Started,2025,"Music, Travel",B-,Indian
Ivana Thaman,REG1131,Paid in Full,No Due,88.59,Yes,Not Eligible,7511576380,kakarnayantara@yahoo.com,2003-04-06,Science,7.6,2022-10-14,Computer Science,9331485637,Parent of Ivana Thaman,H138,Walk,https://linkedin.com/in/ivana-thaman,Completed,2026,"Photography, Photography",O-,Indian
Ira Deep,REG1132,Paid in Full,No Due,78.9,No,Eligible,916230426623,kashvisingh@yahoo.com,2001-04-30,Science,9.7,2020-08-04,Civil,9226002303,Parent of Ira Deep,H304,Car,https://linkedin.com/in/ira-deep,Completed,2024,"Reading, Coding",AB-,Indian
Drishya Rajagopal,REG1133,Partial Payment,Due,76.14,No,Eligible,8575970177,gkhatri@shanker.com,2005-03-26,Arts,6.62,2023-03-01,Information Technology,9911627221,Parent of Drishya Rajagopal,H222,Walk,https://linkedin.com/in/drishya-rajagopal,Not Started,2027,"Photography, Music",O-,Indian
Rania Hayer,REG1134,Pending,Due,82.05,No,Not Eligible,3213333788,miraan00@gmail.com,2004-11-11,Engineering,8.57,2023-04-30,Civil,9400813349,Parent of Rania Hayer,H350,Walk,https://linkedin.com/in/rania-hayer,Completed,2027,"Photography, Photography",O-,Indian
Aarush Cherian,REG1135,Pending,Due,85.76,No,Eligible,915599701881,dhingrarenee@gmail.com,2005-06-07,Science,8.05,2024-09-26,Electronics,9839955371,Parent of Aarush Cherian,H372,Car,https://linkedin.com/in/aarush-cherian,Ongoing,2028,"Sports, Reading",B-,Indian
Tejas Kapoor,REG1136,Pending,Due,79.93,Yes,Not Eligible,1462648764,yakshit12@gmail.com,2005-11-25,Arts,8.63,2024-08-23,Civil,9677547171,Parent of Tejas Kapoor,H172,Car,https://linkedin.com/in/tejas-kapoor,Ongoing,2028,"Photography, Coding",B-,Indian
Kaira Upadhyay,REG1137,Paid in Full,No Due,65.36,Yes,Eligible,2956751874,hrishitabora@amble.net,2005-08-21,Engineering,8.87,2024-10-09,AI & DS,9935762557,Parent of Kaira Upadhyay,H58,Walk,https://linkedin.com/in/kaira-upadhyay,Not Started,2028,"Reading, Reading",O-,Indian
Vaibhav Vora,REG1138,Partial Payment,Due,84.17,Yes,Not Eligible,9916687059,tiyaborde@yahoo.com,2000-02-28,Arts,9.32,2019-06-15,Civil,9624906282,Parent of Vaibhav Vora,H283,Bike,https://linkedin.com/in/vaibhav-vora,Ongoing,2023,"Photography, Coding",B+,Indian
Jivin Divan,REG1139,Paid in Full,No Due,82.18,No,Not Eligible,9964080442,gdave@bakshi-taneja.info,2007-09-10,Science,5.62,2026-12-29,Mechanical,9247328617,Parent of Jivin Divan,H118,Walk,https://linkedin.com/in/jivin-divan,Not Started,2030,"Music, Travel",A-,Indian
Rania Ganesan,REG1140,Partial Payment,Due,93.45,Yes,Eligible,915920370605,deouthkarsh@hotmail.com,2004-03-01,Engineering,8.93,2023-01-06,AI & DS,9430007128,Parent of Rania Ganesan,H129,Bus,https://linkedin.com/in/rania-ganesan,Ongoing,2027,"Music, Drawing",A+,Indian
Jhanvi Sastry,REG1141,Pending,Due,92.67,No,Not Eligible,1720033797,mahaladira@hotmail.com,2003-03-12,Engineering,6.28,2022-05-20,Computer Science,9226880598,Parent of Jhanvi Sastry,H99,Bike,https://linkedin.com/in/jhanvi-sastry,Not Started,2026,"Reading, Reading",AB+,Indian
Kabir Dhaliwal,REG1142,Partial Payment,Due,87.8,No,Not Eligible,226392701,ritvikdhar@gmail.com,2005-08-01,Engineering,8.31,2025-01-19,Civil,9631453634,Parent of Kabir Dhaliwal,H135,Bike,https://linkedin.com/in/kabir-dhaliwal,Ongoing,2029,"Drawing, Photography",B+,Indian
Hunar Sani,REG1143,Pending,Due,86.65,No,Eligible,980086744,eraj@hotmail.com,2006-09-01,Engineering,8.99,2025-04-07,Civil,9364908258,Parent of Hunar Sani,H259,Bike,https://linkedin.com/in/hunar-sani,Not Started,2029,"Sports, Drawing",B+,Indian
Kiara Brahmbhatt,REG1144,Pending,Due,81.97,No,Eligible,912120044843,kanavbassi@gmail.com,2000-02-19,Arts,5.75,2020-02-16,Mechanical,9385844229,Parent of Kiara Brahmbhatt,H230,Walk,https://linkedin.com/in/kiara-brahmbhatt,Not Started,2024,"Drawing, Coding",O-,Indian
Tiya Bhargava,REG1145,Paid in Full,No Due,69.27,Yes,Eligible,6440494877,wsidhu@hotmail.com,2003-03-13,Arts,6.41,2021-09-15,Civil,9894487911,Parent of Tiya Bhargava,H412,Car,https://linkedin.com/in/tiya-bhargava,Not Started,2025,"Photography, Music",AB-,Indian
Dhruv Rau,REG1146,Partial Payment,Due,75.71,No,Not Eligible,8894048661,akarshbhardwaj@gandhi.biz,2006-05-31,Engineering,6.96,2025-05-06,Information Technology,9459983330,Parent of Dhruv Rau,H331,Bike,https://linkedin.com/in/dhruv-rau,Completed,2029,"Music, Reading",B+,Indian
Seher Anne,REG1147,Paid in Full,No Due,87.7,Yes,Not Eligible,3326863141,dinonkar@hotmail.com,2000-12-07,Science,9.34,2018-12-10,Information Technology,9088663720,Parent of Seher Anne,H221,Bus,https://linkedin.com/in/seher-anne,Ongoing,2022,"Music, Drawing",A+,Indian
Veer Singh,REG1148,Paid in Full,No Due,87.33,Yes,Not Eligible,916850821911,aniruddhwason@yahoo.com,2004-11-23,Engineering,7.58,2024-04-03,Computer Science,9090644373,Parent of Veer Singh,H374,Walk,https://linkedin.com/in/veer-singh,Not Started,2028,"Sports, Drawing",O-,Indian
Ivan Kara,REG1149,Paid in Full,No Due,90.22,No,Eligible,914773146895,kiaan20@kapadia.com,2004-03-24,Engineering,6.61,2022-08-19,Computer Science,9813882329,Parent of Ivan Kara,H330,Walk,https://linkedin.com/in/ivan-kara,Not Started,2026,"Reading, Reading",A-,Indian
Anika Char,REG1150,Paid in Full,No Due,89.16,Yes,Eligible,911692765688,kimayamadan@hotmail.com,2004-08-04,Arts,8.75,2022-11-08,Computer Science,9912548938,Parent of Anika Char,H439,Bike,https://linkedin.com/in/anika-char,Ongoing,2026,"Coding, Sports",B+,Indian
Seher Ben,REG1151,Paid in Full,No Due,92.97,No,Eligible,918757852215,miraansrivastava@loyal.com,2005-07-01,Engineering,5.79,2025-05-07,AI & DS,9802907415,Parent of Seher Ben,H416,Car,https://linkedin.com/in/seher-ben,Completed,2029,"Reading, Coding",AB-,Indian
Shalv Wagle,REG1152,Pending,Due,78.68,No,Not Eligible,8250315865,uchauhan@hayre.org,2003-09-26,Arts,6.21,2024-04-06,Mechanical,9393228620,Parent of Shalv Wagle,H121,Bus,https://linkedin.com/in/shalv-wagle,Ongoing,2028,"Photography, Coding",O+,Indian
Kashvi Borah,REG1153,Paid in Full,No Due,76.48,Yes,Eligible,919352661855,ukanda@kapur-rattan.com,2006-05-19,Science,8.27,2024-06-09,Information Technology,9165095624,Parent of Kashvi Borah,H125,Bus,https://linkedin.com/in/kashvi-borah,Not Started,2028,"Coding, Photography",A+,Indian
Nehmat Boase,REG1154,Pending,Due,94.61,Yes,Not Eligible,1871018534,dubeyritvik@hotmail.com,2007-05-22,Engineering,5.98,2025-06-24,Electronics,9459910519,Parent of Nehmat Boase,H20,Car,https://linkedin.com/in/nehmat-boase,Not Started,2029,"Travel, Sports",AB-,Indian
Ela Bora,REG1155,Partial Payment,Due,88.0,Yes,Eligible,3060291875,ichoudhry@viswanathan.com,2001-03-31,Science,6.26,2020-10-26,Information Technology,9612603295,Parent of Ela Bora,H296,Car,https://linkedin.com/in/ela-bora,Ongoing,2024,"Travel, Travel",AB-,Indian
Priyansh Wadhwa,REG1156,Pending,Due,76.51,No,Eligible,8970395229,aarna90@yahoo.com,2000-10-01,Arts,6.9,2018-12-05,Computer Science,9266232951,Parent of Priyansh Wadhwa,H452,Car,https://linkedin.com/in/priyansh-wadhwa,Not Started,2022,"Drawing, Coding",AB-,Indian
Renee Keer,REG1157,Partial Payment,Due,81.63,Yes,Not Eligible,3088967090,dahluwalia@gmail.com,2004-04-05,Arts,8.27,2023-10-24,Information Technology,9354573522,Parent of Renee Keer,H23,Bike,https://linkedin.com/in/renee-keer,Not Started,2027,"Music, Travel",B+,Indian
Aradhya Yadav,REG1158,Pending,Due,78.13,No,Eligible,912066980986,manjarikalita@mani.com,2001-05-26,Engineering,5.85,2019-03-13,Civil,9478251584,Parent of Aradhya Yadav,H85,Bus,https://linkedin.com/in/aradhya-yadav,Completed,2023,"Photography, Photography",A+,Indian
Jiya Borra,REG1159,Pending,Due,82.83,Yes,Eligible,3698191652,asridhar@gmail.com,2001-03-23,Engineering,9.03,2021-06-15,Electronics,9831272465,Parent of Jiya Borra,H466,Walk,https://linkedin.com/in/jiya-borra,Not Started,2025,"Sports, Drawing",A-,Indian
Dharmajan Dhillon,REG1160,Partial Payment,Due,73.13,Yes,Not Eligible,916189584161,lakshaygola@gmail.com,2006-02-08,Engineering,6.32,2026-07-09,AI & DS,9039413694,Parent of Dharmajan Dhillon,H195,Bike,https://linkedin.com/in/dharmajan-dhillon,Ongoing,2030,"Sports, Reading",AB+,Indian
Dhruv Rama,REG1161,Paid in Full,No Due,69.48,No,Eligible,912886491771,zramaswamy@rattan.com,2005-03-02,Science,9.56,2025-08-10,Computer Science,9750254042,Parent of Dhruv Rama,H43,Bike,https://linkedin.com/in/dhruv-rama,Not Started,2029,"Drawing, Coding",B+,Indian
Vardaniya Tata,REG1162,Partial Payment,Due,99.96,No,Eligible,4816722293,hkalita@ray.info,2000-02-07,Arts,6.79,2018-09-20,Information Technology,9879242378,Parent of Vardaniya Tata,H379,Bike,https://linkedin.com/in/vardaniya-tata,Not Started,2022,"Photography, Music",B+,Indian
Tushar Chauhan,REG1163,Pending,Due,83.88,No,Not Eligible,919955893749,riaanrau@kant.com,2004-02-06,Arts,5.67,2022-05-03,Electronics,9201396655,Parent of Tushar Chauhan,H156,Car,https://linkedin.com/in/tushar-chauhan,Ongoing,2026,"Music, Drawing",AB-,Indian
Indranil Deol,REG1164,Partial Payment,Due,60.82,No,Eligible,587439896,bhatnagarkartik@gmail.com,2003-04-28,Arts,5.62,2021-03-21,Information Technology,9376852696,Parent of Indranil Deol,H197,Bus,https://linkedin.com/in/indranil-deol,Ongoing,2025,"Reading, Music",A+,Indian
Sana Ahluwalia,REG1165,Paid in Full,No Due,96.19,No,Not Eligible,916001385188,ranbir86@gmail.com,2001-06-04,Engineering,7.2,2021-04-03,Civil,9003115863,Parent of Sana Ahluwalia,H364,Car,https://linkedin.com/in/sana-ahluwalia,Ongoing,2025,"Sports, Reading",AB-,Indian
Vardaniya Lala,REG1166,Pending,Due,87.06,No,Not Eligible,917945046907,romil95@gmail.com,2002-07-08,Science,7.85,2021-04-02,Information Technology,9716985032,Parent of Vardaniya Lala,H33,Bus,https://linkedin.com/in/vardaniya-lala,Not Started,2025,"Reading, Reading",A+,Indian
Anvi Bakshi,REG1167,Pending,Due,84.1,Yes,Not Eligible,915476922611,aarav11@dayal-chana.com,2004-08-01,Arts,8.27,2022-06-08,Mechanical,9661957066,Parent of Anvi Bakshi,H67,Bike,https://linkedin.com/in/anvi-bakshi,Completed,2026,"Reading, Coding",B+,Indian
Kanav Mandal,REG1168,Paid in Full,No Due,89.32,Yes,Eligible,1744843904,piyasibal@gmail.com,2003-07-26,Engineering,8.11,2023-12-04,Civil,9275215298,Parent of Kanav Mandal,H299,Bike,https://linkedin.com/in/kanav-mandal,Not Started,2027,"Coding, Photography",B+,Indian
Ojas Dewan,REG1169,Paid in Full,No Due,97.13,No,Not Eligible,9701093897,dkata@koshy.com,2001-05-30,Engineering,6.57,2020-11-15,Civil,9479181279,Parent of Ojas Dewan,H280,Car,https://linkedin.com/in/ojas-dewan,Not Started,2024,"Reading, Reading",AB-,Indian
Indrans Chopra,REG1170,Pending,Due,68.87,No,Eligible,6139882087,ckamdar@jha.com,2005-08-04,Science,6.83,2024-10-04,Civil,9493463508,Parent of Indrans Chopra,H9,Bus,https://linkedin.com/in/indrans-chopra,Ongoing,2028,"Drawing, Photography",O+,Indian
Armaan Raval,REG1171,Partial Payment,Due,86.69,No,Eligible,8641482287,mehulvasa@kata.net,2003-07-15,Engineering,6.03,2022-12-31,Civil,9295683134,Parent of Armaan Raval,H135,Bike,https://linkedin.com/in/armaan-raval,Completed,2026,"Music, Reading",AB+,Indian
Gokul Sarkar,REG1172,Paid in Full,No Due,75.67,No,Eligible,5954456625,divanzaina@gmail.com,2005-10-25,Arts,7.55,2025-06-17,Computer Science,9546861731,Parent of Gokul Sarkar,H232,Car,https://linkedin.com/in/gokul-sarkar,Ongoing,2029,"Sports, Reading",B-,Indian
Yuvraj  Sanghvi,REG1173,Paid in Full,No Due,65.0,No,Not Eligible,6965267829,gardezoya@tailor.com,2003-06-25,Engineering,9.62,2021-10-23,AI & DS,9581012325,Parent of Yuvraj  Sanghvi,H326,Walk,https://linkedin.com/in/yuvraj--sanghvi,Not Started,2025,"Drawing, Coding",O-,Indian
Prerak Chacko,REG1174,Paid in Full,No Due,81.71,No,Eligible,336502677,gopalnakul@yahoo.com,2002-02-11,Arts,5.32,2020-12-12,Computer Science,9019632182,Parent of Prerak Chacko,H183,Bike,https://linkedin.com/in/prerak-chacko,Not Started,2024,"Music, Travel",AB+,Indian
Elakshi Chauhan,REG1175,Pending,Due,83.86,Yes,Eligible,8326478022,aliabava@gmail.com,2001-06-25,Science,8.63,2020-07-17,AI & DS,9384033797,Parent of Elakshi Chauhan,H298,Walk,https://linkedin.com/in/elakshi-chauhan,Not Started,2024,"Photography, Music",O-,Indian
Veer Goyal,REG1176,Pending,Due,74.1,Yes,Not Eligible,3806496672,boaseonkar@gmail.com,2007-05-13,Engineering,9.62,2025-09-26,AI & DS,9442829071,Parent of Veer Goyal,H72,Car,https://linkedin.com/in/veer-goyal,Ongoing,2029,"Travel, Travel",AB-,Indian
Hridaan Bhattacharyya,REG1177,Pending,Due,63.2,Yes,Eligible,4374730990,xmangal@rao-korpal.org,2006-05-26,Science,5.88,2025-05-19,AI & DS,9521656583,Parent of Hridaan Bhattacharyya,H84,Car,https://linkedin.com/in/hridaan-bhattacharyya,Ongoing,2029,"Drawing, Photography",AB-,Indian
Zaina Kala,REG1178,Paid in Full,No Due,72.84,Yes,Not Eligible,915889233537,trivedinishith@boase.com,2004-10-08,Arts,5.38,2022-12-25,Civil,9166605789,Parent of Zaina Kala,H290,Walk,https://linkedin.com/in/zaina-kala,Ongoing,2026,"Travel, Travel",O-,Indian
Riya Kalla,REG1179,Partial Payment,Due,69.89,No,Not Eligible,8037168430,uvarughese@shan.biz,2004-03-23,Science,7.16,2023-08-22,Mechanical,9941386850,Parent of Riya Kalla,H351,Bike,https://linkedin.com/in/riya-kalla,Completed,2027,"Drawing, Sports",B+,Indian
Hrishita Chaudhry,REG1180,Pending,Due,87.8,No,Not Eligible,5853963678,lkamdar@gmail.com,2000-07-09,Arts,6.37,2020-07-08,Civil,9796185649,Parent of Hrishita Chaudhry,H150,Walk,https://linkedin.com/in/hrishita-chaudhry,Ongoing,2024,"Reading, Music",A-,Indian
Siya Grewal,REG1181,Partial Payment,Due,98.52,No,Eligible,8610385282,zvig@dani.com,2004-06-11,Science,7.02,2022-11-17,Electronics,9366538495,Parent of Siya Grewal,H496,Car,https://linkedin.com/in/siya-grewal,Ongoing,2026,"Sports, Reading",AB-,Indian
Ritvik Khanna,REG1182,Paid in Full,No Due,73.67,No,Eligible,914980907768,aaryahi38@setty.info,2007-04-23,Science,5.95,2027-03-15,Computer Science,9151430426,Parent of Ritvik Khanna,H427,Bike,https://linkedin.com/in/ritvik-khanna,Completed,2031,"Coding, Travel",B+,Indian
Riaan Tara,REG1183,Pending,Due,65.72,No,Eligible,912620246144,baraddhanuk@sarkar.org,2007-07-20,Science,6.97,2027-06-02,Civil,9732360690,Parent of Riaan Tara,H191,Bike,https://linkedin.com/in/riaan-tara,Not Started,2031,"Music, Travel",B+,Indian
Indranil Chander,REG1184,Paid in Full,No Due,92.73,Yes,Eligible,915818608224,tejas44@saraf-chahal.net,2000-04-09,Science,7.5,2019-07-14,Civil,9213737405,Parent of Indranil Chander,H406,Walk,https://linkedin.com/in/indranil-chander,Not Started,2023,"Photography, Music",O-,Indian
Aaryahi Rajagopal,REG1185,Paid in Full,No Due,92.02,Yes,Eligible,2973164808,zgolla@yahoo.com,2000-11-22,Arts,7.71,2019-09-17,AI & DS,9331422382,Parent of Aaryahi Rajagopal,H383,Bike,https://linkedin.com/in/aaryahi-rajagopal,Ongoing,2023,"Sports, Reading",AB+,Indian
Badal Char,REG1186,Pending,Due,84.21,No,Eligible,2889463982,balanlagan@yahoo.com,2007-02-19,Arts,9.68,2027-08-29,Civil,9047515816,Parent of Badal Char,H317,Bus,https://linkedin.com/in/badal-char,Ongoing,2031,"Music, Drawing",A+,Indian
Taran Chaudhry,REG1187,Paid in Full,No Due,84.6,Yes,Not Eligible,4455529034,luthradamini@hotmail.com,2007-02-25,Engineering,5.12,2027-04-14,Mechanical,9741706287,Parent of Taran Chaudhry,H288,Car,https://linkedin.com/in/taran-chaudhry,Completed,2031,"Drawing, Sports",AB-,Indian
Saira Brar,REG1188,Paid in Full,No Due,86.09,No,Not Eligible,7910971413,vaidyabiju@khosla.com,2001-06-05,Science,7.1,2019-04-20,Civil,9653369444,Parent of Saira Brar,H445,Bus,https://linkedin.com/in/saira-brar,Completed,2023,"Reading, Coding",O+,Indian
Dhanuk Yohannan,REG1189,Paid in Full,No Due,62.18,No,Eligible,916752099661,gdutta@issac.org,2004-02-25,Science,5.57,2023-08-22,AI & DS,9601319597,Parent of Dhanuk Yohannan,H98,Walk,https://linkedin.com/in/dhanuk-yohannan,Completed,2027,"Coding, Travel",O-,Indian
Riya Badal,REG1190,Partial Payment,Due,94.93,No,Not Eligible,2810450692,oorjachokshi@yahoo.com,2000-09-24,Science,8.88,2020-10-17,Civil,9640195083,Parent of Riya Badal,H84,Car,https://linkedin.com/in/riya-badal,Not Started,2024,"Travel, Sports",B-,Indian
Pihu Chopra,REG1191,Partial Payment,Due,61.83,Yes,Not Eligible,5554535610,ritviksunder@jani.org,2004-03-04,Science,7.02,2024-09-08,Civil,9461396673,Parent of Pihu Chopra,H174,Walk,https://linkedin.com/in/pihu-chopra,Not Started,2028,"Reading, Reading",A-,Indian
Aaina Anne,REG1192,Pending,Due,74.22,Yes,Eligible,2018969758,seher91@hotmail.com,2004-05-15,Engineering,6.65,2023-01-14,Civil,9077536551,Parent of Aaina Anne,H52,Car,https://linkedin.com/in/aaina-anne,Ongoing,2027,"Coding, Sports",AB-,Indian
Oorja Bora,REG1193,Partial Payment,Due,97.98,Yes,Not Eligible,8636488973,indranilkanda@hotmail.com,2007-04-30,Science,5.18,2025-06-23,Mechanical,9269947907,Parent of Oorja Bora,H408,Car,https://linkedin.com/in/oorja-bora,Ongoing,2029,"Travel, Travel",B-,Indian
Ivan Handa,REG1194,Partial Payment,Due,78.85,No,Not Eligible,4744146313,zarabajwa@gmail.com,2004-05-06,Engineering,7.51,2023-03-02,Civil,9120915731,Parent of Ivan Handa,H232,Car,https://linkedin.com/in/ivan-handa,Completed,2027,"Photography, Photography",B-,Indian
Aniruddh Sule,REG1195,Paid in Full,No Due,79.54,No,Not Eligible,914424014038,jivika62@yahoo.com,2002-07-22,Science,6.71,2022-06-19,Computer Science,9811395413,Parent of Aniruddh Sule,H414,Walk,https://linkedin.com/in/aniruddh-sule,Not Started,2026,"Music, Travel",O-,Indian
Inaaya  Bath,REG1196,Paid in Full,No Due,71.36,No,Not Eligible,912627937760,ranganathantushar@hotmail.com,2007-03-21,Science,8.59,2026-05-09,Computer Science,9822947661,Parent of Inaaya  Bath,H162,Walk,https://linkedin.com/in/inaaya--bath,Ongoing,2030,"Travel, Travel",O-,Indian
Ahana  Joshi,REG1197,Paid in Full,No Due,92.56,No,Eligible,3199039811,badamikabir@gmail.com,2000-06-29,Engineering,6.44,2019-04-15,Information Technology,9317553941,Parent of Ahana  Joshi,H442,Walk,https://linkedin.com/in/ahana--joshi,Not Started,2023,"Coding, Photography",O-,Indian
Indrans Shetty,REG1198,Partial Payment,Due,99.9,Yes,Not Eligible,919132567801,jayeshsachdeva@hotmail.com,2000-07-04,Engineering,7.71,2020-08-20,Civil,9047268689,Parent of Indrans Shetty,H190,Walk,https://linkedin.com/in/indrans-shetty,Completed,2024,"Travel, Drawing",A-,Indian
Mahika Gade,REG1199,Paid in Full,No Due,65.19,Yes,Not Eligible,63328799,indranilchaudhry@deo.biz,2002-06-16,Arts,8.52,2021-12-18,Information Technology,9097805922,Parent of Mahika Gade,H423,Bike,https://linkedin.com/in/mahika-gade,Ongoing,2025,"Travel, Travel",B+,Indian
